cohortId,atlasId,name
129,129,COVID19_ID28_v1_persons_who_die
128,128,COVID_PLP_training__Persons_with_COVID_without_inpatient_or_intensive_services_365d_prior_observation_and_50yo
131,131,COVID_PLP_training_v2__Persons_with_COVID_without_inpatient_or_intensive_services_365d_prior_observation_and_50yo
132,132,COVID_PLP_training_v3__Persons_with_COVID_without_inpatient_or_intensive_services_365d_prior_observation_and_30yo
133,133,COVID_PLP_training_v4__Persons_with_COVID_without_inpatient_or_intensive_services_365d_prior_observation_and_18_and_50yo
134,134,COVID_PLP_training_v5__Persons_with_COVID_without_inpatient_or_intensive_services_365d_prior_observation_and_18
135,135,COVID_PLP_training_v6__Persons_with_COVID_without_inpatient_or_intensive_services_365d_prior_observation_and_18_female_only
136,136,COVID_PLP_training_v7__Persons_with_COVID_without_inpatient_or_intensive_services_365d_prior_observation_between_18y_and_50y_female_only
